Source,n_prs,n_with_tests,proportion,ci_low,ci_high,z_stat,p_value
AI,33596.0,13921.0,0.41436480533396836,0.40909724741699405,0.41963236325094266,,
Human,1490.0,350.0,0.2348993288590604,0.21337373527674386,0.25642492244137693,,
Diff (AI-Human),,,0.17946547647490796,0.15730473764517247,0.20162621530464345,13.799690802612098,2.5594805293112018e-43
