Group,n_prs,n_with_test_comment,proportion,ci_low,ci_high,z_stat,p_value
No tests,19675.0,7425.0,0.37738246505717915,0.3706092907417449,0.3841556393726134,,
Has tests,13921.0,3992.0,0.2867610085482365,0.27924840514840954,0.29427361194806345,,
Diff (no-has),,,0.09062145650894265,0.08050636381780286,0.10073654920008245,17.27509445464821,7.245470882877864e-67
