term,odds_ratio,ci_low,ci_high,p_value
const,15.449803460503064,10.422422534136782,22.902202073113514,2.6263140267197697e-42
has_test_file,1.2359638832594262,1.0197556945063764,1.4980124445014011,0.030821657173196047
log_lifetime,0.39248701146924325,0.3117903402416807,0.49406936100923105,1.6676217993633397e-15
is_ai,0.30861601717573584,0.2292731553905452,0.4154164751436999,8.931755184364845e-15
